GHCN_ID,LATITUDE,LONGITUDE,ELEVATION,STATE,NAME,GSN,(US)HCN_(US)CRN,WMO_ID,ICAO,ISO_CODE
USA00702696,61.633,-149.033,236.0,AK,LAZY MTN/WOLVERINE,,,,,US
USA00727944,47.717,-122.717,76.0,WA,BANGOR (NPMOF COMP),,,,,US
USA00742066,47.95,-122.3,1.0,WA,MULKITEO (CGS),,,,,US
USA00749169,34.133,-118.133,231.0,CA,PASADENA,,,,,US
USA00749221,61.15,-150.233,15.0,AK,FIRE ISLAND,,,,,US
USA00911681,21.583,-158.117,5.0,HI,WAIALUA-ON-OAHU,,,,,US
USA00911831,21.317,-157.65,164.0,HI,MAKAPUU POINT,,,,,US
USC00022329,34.2097,-112.3453,1804.4,AZ,CROWN KING,,,,,US
USC00025344,34.3709,-112.1827,1252.1,AZ,MAYER NO. 2,,,,,US
USC00040883,38.9091,-120.6677,1345.4,CA,BLODGETT EXPER FOREST,,,,,US
USC00041005,37.1422,-122.1963,662.9,CA,BOULDER CR LOCAT RCH,,,,,US
USC00041194,34.1866,-118.348,199.6,CA,BURBANK VALLEY PUMP PLANT,,,,,US
USC00041272,34.3899,-117.5758,1463.0,CA,CAJON WEST SUMMIT,,,,,US
USC00041428,38.2486,-120.8433,200.6,CA,CAMP PARDEE,,,,,US
USC00042294,38.5349,-121.7761,18.3,CA,DAVIS 2 WSW EXP FARM,,,,,US
USC00042935,38.288,-122.0344,33.5,CA,FAIRFIELD 3 NNE,,,,,US
USC00043038,38.5251,-120.6982,661.4,CA,FIDDLETOWN DEXTER RCH,,,,,US
USC00043384,38.933,-120.8008,914.7,CA,GEORGETOWN RS,,,,,US
USC00043573,39.2041,-121.068,731.5,CA,GRASS VALLEY NO. 2,,,,,US
USC00044712,38.492,-122.0039,57.0,CA,LAKE SOLANO,,,,,US
USC00045996,37.9027,-122.6033,446.5,CA,MOUNT TAMALPAIS 2 SW,,,,,US
USC00046624,34.5883,-118.0938,796.1,CA,PALMDALE,,,,,US
USC00046826,38.2577,-122.6077,6.1,CA,PETALUMA AIRPORT,,,,,US
USC00046964,38.7311,-120.8469,475.5,CA,PLACERVILLE DISP. PLANT,,,,,US
USC00048261,34.2838,-118.8119,201.2,CA,SIMI SANITATION PLANT,,,,,US
USC00049605,39.0277,-121.3908,32.0,CA,WHEATLAND 2 NE,,,,,US
USC00082229,29.0667,-81.2833,8.8,FL,DELAND 3 NE,,,,,US
USC00085076,28.8728,-81.7844,20.7,FL,LISBON,,,,,US
USC00085237,29.2003,-81.9306,25.9,FL,LYNNE,,,,,US
USC00140957,39.0636,-94.896,259.1,KS,BONNER SPRINGS,,,,,US
USC00143686,38.6645,-94.8901,307.8,KS,HILLSDALE LAKE,,,,,US
USC00144370,39.0479,-95.1929,332.2,KS,KU-FIELD STATION,,,,,US
USC00147756,38.7814,-94.6689,326.4,KS,STILWELL 1N,,,,,US
USC00232568,38.868,-94.0352,259.1,MO,ELM,,,,,US
USC00233219,39.1753,-94.5937,283.5,MO,GLADSTONE,,,,,US
USC00234377,39.2783,-94.6636,313.9,MO,KANSAS CITY -NWSTC,,,,,US
USC00237116,39.2422,-93.97,213.4,MO,RICHMOND 3S,,,,,US
USC00237862,39.3902,-94.5497,275.5,MO,SMITHVILLE LAKE,,,,,US
USC00238524,38.9482,-94.397,287.1,MO,UNITY VILLAGE,,,,,US
USC00238712,38.7841,-93.8008,242.6,MO,WARRENSBURG 4NW,,,,,US
USC00305426,41.772,-74.1537,336.5,NY,MOHONK LAKE,,,,,US
USC00305435,41.6667,-74.7833,338.9,NY,MONGAUP VALLEY,,,,,US
USC00306825,41.7167,-73.9333,15.2,NY,POUGHKEEPSIE 1 N,,,,,US
USC00351033,45.3853,-122.0458,298.1,OR,BRIGHTWOOD 1 WNW,,,,,US
USC00351222,45.6898,-123.1906,106.7,OR,BUXTON,,,,,US
USC00351735,45.1728,-122.4342,204.2,OR,COLTON,,,,,US
USC00352697,45.0767,-121.9714,670.6,OR,ESTACADA 24 SE,,,,,US
USC00353318,45.6561,-123.3108,196.3,OR,GLENWOOD 2 WNW,,,,,US
USC00353340,45.9898,-122.9256,161.5,OR,GOBLE 3 SW,,,,,US
USC00353402,45.3008,-121.7425,1213.1,OR,GOVERNMENT CAMP,,,,,US
USC00357127,45.3033,-122.9133,157.0,OR,REX 1 S,,,,,US
USC00357572,45.6555,-122.8338,12.2,OR,SAUVIES ISLAND,,,,,US
USC00357823,45.0058,-122.7739,124.4,OR,SILVERTON,,,,,US
USC00358884,45.8652,-123.1902,190.5,OR,VERNONIA NO. 2,,,,,US
USC00410738,30.7625,-98.0213,344.1,TX,BERTRAM 3 ENE,,,,,US
USC00411429,29.8607,-98.1959,304.8,TX,CANYON DAM,,,,,US
USC00411434,29.9111,-98.3713,356.0,TX,CANYON DAM NO 4,,,,,US
USC00411541,30.0833,-97.5,149.0,TX,CEDAR CREEK,,,,,US
USC00411542,30.0225,-97.5577,166.1,TX,CEDAR CREEK 6SW,,,,,US
USC00413156,29.9745,-98.267,359.7,TX,FISCHERS STORE,,,,,US
USC00413507,30.6763,-97.7208,266.4,TX,GEORGETOWN LAKE,,,,,US
USC00413686,30.7188,-97.3211,169.2,TX,GRANGER DAM,,,,,US
USC00415193,30.4065,-97.0134,128.9,TX,LEXINGTON,,,,,US
USC00418531,30.4813,-98.1607,259.1,TX,SPICEWOOD,,,,,US
USC00419815,30.0016,-98.1048,275.8,TX,WIMBERLEY 1 NW,,,,,US
USC00421162,37.6661,-113.5423,1634.6,UT,CANYON BREEZE RANCH,,,,,US
USC00427516,37.119,-113.6068,870.8,UT,ST. GEORGE,,,,,US
USC00429717,37.2091,-112.9814,1230.8,UT,ZION NATIONAL PARK,,,,,US
USC00451160,45.8677,-121.9733,345.6,WA,CARSON FISH HATCHERY,,,,,US
USC00451759,46.0086,-122.3455,158.5,WA,COUGAR 4 SW,,,,,US
USC00452675,47.9752,-122.195,18.3,WA,EVERETT,,,,,US
USC00456851,47.7847,-122.9797,313.3,WA,QUILCENE 5 SW DAM,,,,,US
USC00458773,45.6778,-122.651,64.0,WA,VANCOUVER 4 NNE,,,,,US
USC00510055,21.4319,-157.8372,74.1,HI,AHUIMANU LOOP 839.12,,,,,US
USC00510300,21.4325,-158.0559,229.2,HI,CAMP 84 807,,,,,US
USC00510404,21.3368,-157.8344,121.9,HI,DOWSETT 775.4,,,,,US
USC00510964,21.3808,-157.9039,51.8,HI,HALAWA SHAFT 771.2,,,,,US
USC00511308,21.299,-157.6644,8.5,HI,HAWAII KAI G.C. 724.19,,,,,US
USC00511540,21.3905,-158.0999,680.3,HI,HOKULOA 725.2,,,,,US
USC00512570,21.695,-157.9811,4.0,HI,KAHUKU 912,,,,,US
USC00512683,21.3958,-157.7399,0.9,HI,KAILUA FIRE STA 791.3,,,,,US
USC00514400,21.1804,-157.2317,94.2,HI,KEPUHI-SHERATON 550.2,,,,,US
USC00515655,21.3875,-157.8094,81.7,HI,LULUKU 781.7,,,,,US
USC00515758,21.4784,-158.1964,76.2,HI,MAKAHA COUNTRY CLUB 800.3,,,,,US
USC00516222,21.3508,-157.7667,127.7,HI,MAUNAWILI 787.1,,,,,US
USC00516553,21.5072,-158.1416,1224.1,HI,MOUNT KAALA 844,,,,,US
USC00517150,21.5738,-158.0379,288.0,HI,OPAEULA 870,,,,,US
USC00517942,21.3931,-157.9352,76.2,HI,PEARL COUNTRY CLUB 760.2,,,,,US
USC00518314,21.5844,-157.8914,4.0,HI,PUNALUU PUMP 905.2,,,,,US
USC00518342,21.6428,-158.0372,228.6,HI,PUPUKEA HEIGHTS 896.4,,,,,US
USC00518738,21.3283,-157.8266,369.4,HI,TANTALUS 2 780.5,,,,,US
USC00518838,21.4992,-158.0111,306.6,HI,UPPER WAHIAWA 874.3,,,,,US
USC00518945,21.4967,-158.0497,260.3,HI,WAHIAWA DAM 863,,,,,US
USC00518964,21.4705,-157.8836,227.1,HI,WAIAHOLE 837,,,,,US
USC00519195,21.5747,-158.1204,3.0,HI,WAIALUA 847,,,,,US
USC00519500,21.2918,-157.7534,61.0,HI,WAILUPE VLY SCH 723.6,,,,,US
USC00519534,21.3357,-157.7116,20.1,HI,WAIMANALO NONOKIO 795.2,,,,,US
USC00519593,21.6262,-158.0675,93.6,HI,WAIMEA 892,,,,,US
USI0000K0S9,48.0538,-122.8106,32.9,WA,JEFFERSON CO INTL,,,,K0S9,US
USI0000K3A6,34.37,-118.57,427.0,CA,NEWHALL,,,,K3A6,US
USI0000K44N,41.7074,-73.738,213.4,NY,SKY ACRES,,,,K44N,US
USI0000K4S2,45.672,-121.5364,192.3,OR,KEN JERNSTEDT,,,,K4S2,US
USI0000KC83,37.8284,-121.6258,23.2,CA,BYRON,,,,KC83,US
USI0000KCCB,34.1115,-117.6876,438.6,CA,CABLE,,,,KCCB,US
USI0000KFLV,39.3683,-94.9147,235.3,KS,SHERMAN AAF / FT LEAVENWORTH K,,,,KFLV,US
USI0000KGGB,37.817,-122.467,81.0,CA,GOLDEN GATE BRIDGE,,,,KGGB,US
USI0000KJAQ,38.3833,-120.8,516.3,CA,WESTOVER FLD / AMADOR CO ARPT,,,,KJAQ,US
USI0000KJRB,40.7012,-74.009,2.1,NY,PORT AUTH DOWNTN MANHATTAN WAL,,,,KJRB,US
USI0000KSRF,38.067,-122.5,1.0,CA,HAMILTON AAF,,,,KSRF,US
USI0000PHIK,21.316,-157.9266,4.0,HI,HICKAM AFB,,,,PHIK,US
USL000AAMC1,37.772,-122.298,2.0,CA,ALAMEDA,,,,,US
USL000ANTA2,61.23,-149.88,3.0,AK,ANCHORAGE,,,,,US
USL000BATN6,40.701,-74.014,10.0,NY,THE BATTERY,,,,,US
USL000CQUC1,38.066,-122.23,3.0,CA,CARQUINEZ,,,,,US
USL000DPXC1,38.057,-122.259,10.0,CA,DAVIS POINT  SAN PABLO BAY,,,,,US
USL000EBSW1,47.605,-122.338,2.0,WA,SEATTLE,,,,,US
USL000FPXC1,37.807,-122.466,3.0,CA,FORT POINT,,,,,US
USL000FTPC1,37.807,-122.465,2.0,CA,SAN FRANCISCO,,,,,US
USL000ICAC1,34.008,-118.5,2.0,CA,SANTA MONICA PIER,,,,,US
USL000KPTN6,40.8,-73.77,10.0,NY,KINGS POINT,,,,,US
USL000LNDC1,37.795,-122.288,4.0,CA,OAKLAND,,,,,US
USL000LOPW1,46.1,-122.95,3.0,WA,LONGVIEW,,,,,US
USL000MOKH1,21.4333,-157.7833,3.0,HI,MOKUOLOE,,,,,US
USL000MZXC1,38.033,-122.125,10.0,CA,MARTINEZ-AMORCO,,,,,US
USL000OBXC1,37.804,-122.341,1.9,CA,OAKLAND BERTH 38,,,,,US
USL000OHBC1,33.72,-118.272,2.0,CA,LOS ANGELES,,,,,US
USL000OKXC1,37.811,-122.333,10.0,CA,OAKLAND (BERTH 34),,,,,US
USL000OMHC1,37.8,-122.3167,7.0,CA,OAKLAND MIDDLE HARBOR MET,,,,,US
USL000OOUH1,21.3,-157.87,3.0,HI,HONOLULU,,,,,US
USL000PCOC1,38.057,-122.038,2.0,CA,PORT CHICAGO,,,,,US
USL000PFXC1,33.748,-118.268,3.0,CA,LOS ANGELES PIER F,,,,,US
USL000PPXC1,37.906,-122.365,10.0,CA,RICHMOND (POINT POTRERO),,,,,US
USL000PRJC1,33.733,-118.186,3.0,CA,LONG BEACH PIER J,,,,,US
USL000PRYC1,37.99,-122.975,2.0,CA,POINT REYES,,,,,US
USL000PSBC1,38.042,-121.887,10.0,CA,PITTSBURG (SUISUN BAY),,,,,US
USL000PTWW1,48.112,-122.758,5.0,WA,PORT TOWNSEND,,,,,US
USL000PXOC1,37.798,-122.393,10.0,CA,SAN FRANCISCO (PIER 1),,,,,US
USL000PXSC1,37.803,-122.397,1.5,CA,PIER 17 SAN FRANCISCO BAY,,,,,US
USL000RCMC1,37.928,-122.4,5.6,CA,RICHMOND,,,,,US
USL000RTYC1,37.507,-122.2,6.0,CA,REDWOOD CITY,,,,,US
USL000SFXC1,38.2167,-122.0167,3.0,CA,SAN FRANCISCO BAY RESERVE,,,,,US
USL000TCMW1,47.276,-122.418,11.0,WA,TACOMA MET,,,,,US
USL000TCNW1,47.267,-122.413,5.0,WA,TACOMA,,,,,US
USL000TIBC1,37.92,-122.45,3.0,CA,TIBURON PIER,,,,,US
USL000UPBC1,38.038,-122.121,3.0,CA,UP RAILROAD BRIDGE,,,,,US
USL000WPOW1,47.66,-122.44,3.0,FL,WEST POINT  WA,,,,,US
USM00074500,39.0,-121.3333,60.0,,SHERIDAN  CA,,,74500,,US
USM00074504,37.5,-122.5,49.0,,PILAR POINT AFS  CA.,,,74504,,US
USM00091169,21.6833,-158.0333,10.0,,WAIALEE  OAHU   HAWAII,,,91169,,US
USM00091171,21.5667,-158.25,341.0,,KAENA POINT  OAHU,,,91171,,US
USM00091172,21.4333,-158.1333,35.0,,LUALUALEI  OAHU,,,91172,,US
USM00091184,21.3333,-157.7167,18.0,,WAIMANALO  OAHU,,,91184,,US
USP000037-1,39.32,-94.91,243.0,,LEAVENWORTH,,,,,US
USP000037-2,39.32,-94.92,255.0,,LEAVENWORTH,,,,,US
USP000242-1,37.79,-122.18,101.0,,OAKLAND,,,,,US
USP040693-1,37.87,-122.26,94.0,,BERKELEYCA,,,,,US
USP042165-1,37.8,-122.46,15.0,,PRESIDIOSANFRANCISCO,,,,,US
USP045115-1,34.05,-118.24,87.0,,LOSANGELES,,,,,US
USP045115-2,34.06,-118.24,89.0,,LOSANGELES,,,,,US
USP046333-1,37.8,-122.27,9.0,,OAKLAND,,,,,US
USP047633-1,38.58,-121.5,12.0,,SACRAMENTO,,,,,US
USP047633-2,38.58,-121.5,6.0,,SACRAMENTO,,,,,US
USP047633-3,38.58,-121.5,9.0,,SACRAMENTO,,,,,US
USP047769-2,37.79,-122.4,5.0,,CA_SAN_FRANCISCO,,,,,US
USP047772-1,37.79,-122.41,40.0,,SANFRANCISCO,,,,,US
USP047772-2,37.79,-122.4,5.0,,SANFRANCISCO,,,,,US
USP047772-3,37.79,-122.4,8.0,,SANFRANCISCO,,,,,US
USP048351-1,38.29,-122.46,27.0,,SONOMA,,,,,US
USP087977-1,28.7,-81.97,3.0,,SANFORD,,,,,US
USP142830-1,39.35,-94.92,273.0,,FORTLEAVENWORTH,,,,,US
USP144194-1,39.13,-94.64,259.0,,KANSASCITY,,,,,US
USP144559-1,38.96,-95.24,308.0,,LAWRENCE,,,,,US
USP144559-2,38.97,-95.24,261.0,,LAWRENCE,,,,,US
USP234370-1,39.11,-94.58,253.0,,KANSASCITY,,,,,US
USW00000135,38.15,-122.55,1.2,CA,GNOSS FLD AP,,,,KDVO,US
USW00000166,30.5,-97.9669,375.2,TX,LAGO VISTA RUSTY ALLEN AP,,,,KRYW,US
USW00000174,38.5331,-121.7831,21.0,CA,UNIVERSITY AP,,,,KEDU,US
USW00000205,38.9089,-121.3511,37.2,CA,LINCOLN RGNL AP,,,,KLHM,US
USW00000225,30.5331,-98.3669,333.1,TX,HORSESHOE BAY RESORT AP,,,,KDZB,US
USW00000226,33.4169,-112.6831,311.2,AZ,BUCKEYE MUNI AP,,,,KBXK,US
USW00000227,38.7169,-120.75,787.3,CA,PLACERVILLE AP,,,,KPVF,US
USW00000228,37.5131,-122.5011,20.1,CA,HALF MOON BAY AP,,,,KHAF,US
USW00000230,30.395,-97.5669,188.1,TX,AUSTIN EXECUTIVE AP,,,,KEDC,US
USW00000299,29.0669,-81.2831,24.1,FL,DELAND MUNI AP,,,,KDED,US
USW00000320,38.25,-122.6,27.1,CA,PETALUMA MUNI AP,,,,KO69,US
USW00000354,39.3319,-94.31,237.1,MO,MIDWEST NATL AIR CTR AP,,,,KGPH,US
USW00000363,38.7831,-93.8,243.2,MO,SKYHAVEN AP,,,,K9K4,US
USW00000397,39.2239,-121.0031,961.0,CA,NEVADA COUNTY AIR PARK,,,,KGOO,US
USW00000469,47.1039,-122.2872,164.3,WA,PIERCE COUNTY AP THUN FLD,,,,KPLU,US
USW00000485,29.4675,-81.2064,10.1,FL,FLAGLER CO EXECUTIVE AP,,,,KFIN,US
USW00000489,61.2658,-149.6533,118.3,AK,BRYANT ARMY AIRFIELD HELIPORT,,,,PAFR,US
USW00003102,34.0531,-117.5769,281.6,CA,ONTARIO INTL AP,,,,KONT,US
USW00003122,33.8017,-118.3419,27.4,CA,TORRANCE AP,,,,,US
USW00003157,33.75,-118.2333,4.3,CA,LONG BEACH NAVAL STN,,,,KNWF,US
USW00003165,34.0833,-118.0333,90.2,CA,EL MONTE EMSU,,,74704,KEMT,US
USW00003166,33.8717,-117.9855,26.2,CA,FULLERTON MUNI AP,,,,KFUL,US
USW00003167,33.9236,-118.3328,16.8,CA,HAWTHORNE MUNI AP,,,,KHHR,US
USW00003174,33.8033,-118.3397,29.6,CA,TORRANCE,,,,KTOA,US
USW00003179,33.9756,-117.625,193.9,CA,CHINO AP,,,,KCNO,US
USW00003180,34.1,-117.7833,308.2,CA,LA VERNE BRACKETT FLD,,,,KPOC,US
USW00003184,33.6903,-112.0661,453.2,AZ,PHOENIX DEER VALLEY MUNI AP,,,,KDVT,US
USW00003185,33.4658,-111.7211,423.4,AZ,MESA FALCON FLD,,,,KFFZ,US
USW00003186,33.4167,-112.3833,295.0,AZ,PHOENIX GOODYEAR AP,,,,KGYR,US
USW00003192,33.6122,-111.923,436.2,AZ,SCOTTSDALE MUNI AP,,,,KSDL,US
USW00003929,38.8439,-94.5603,321.9,MO,KANSAS CITY R GEBAUR AP,,,,KGVW,US
USW00003947,39.2975,-94.7308,307.2,MO,KANSAS CITY INTL AP,,,72446,KMCI,US
USW00003967,38.85,-94.7394,327.4,KS,OLATHE JOHNSON CO EXECUTIVE AP,,,,KOJC,US
USW00003997,39.0078,-95.2114,252.1,KS,LAWRENCE ASOS,,,,KLWC,US
USW00003999,30.7406,-98.2353,386.2,TX,BURNET MUNI AP,,,,KBMQ,US
USW00004201,45.7692,-122.8636,14.9,OR,SCAPPOOSE IND AP,,,,KSPB,US
USW00004202,45.6,-122.6,6.1,OR,PORTLAND COLUMBIA AP,,,,,US
USW00004205,48.1606,-122.1589,41.8,WA,ARLINGTON MUNI AP,,,,KAWO,US
USW00004789,41.5092,-74.2644,108.2,NY,MONTGOMERY ORANGE CO AP,,,,KMGJ,US
USW00012815,28.4183,-81.3242,27.1,FL,ORLANDO INTL AP,,,72205,KMCO,US
USW00012819,28.8214,-81.8097,20.7,FL,LEESBURG MUNI AP,,,,KLEE,US
USW00012834,29.1736,-81.0719,7.9,FL,DAYTONA BEACH INTL AP,,,74787,KDAB,US
USW00012841,28.5467,-81.3356,31.7,FL,ORLANDO EXECUTIVE AP,,,,KORL,US
USW00012846,29.1833,-81.0667,18.9,FL,DAYTONA BEACH NAS,,,,,US
USW00012847,29.0833,-81.4167,32.0,FL,DELAND NAS,,,,,US
USW00012854,28.7794,-81.2436,14.9,FL,ORLANDO SANFORD AP,,,,KSFB,US
USW00012886,28.6167,-80.6833,3.0,FL,TITUSVILLE NASA SHUTTLE FAC,,,,KTTS,US
USW00012898,28.5167,-80.8,10.7,FL,TITUSVILLE SPACE CTR EXEC AP,,,,KTIX,US
USW00012971,29.7042,-98.0286,233.8,TX,AUSTIN SAN ANTONIO,,,,KBAZ,US
USW00012979,29.8908,-97.8644,182.0,TX,SAN MARCOS MUNI AP,,,,KHYI,US
USW00013904,30.1831,-97.68,146.6,TX,AUSTIN BERGSTROM INTL AP,,,74745,KAUS,US
USW00013921,39.3667,-94.9167,0.0,KS,FT LEAVENWORTH AFB,,,,,US
USW00013958,30.3208,-97.7603,204.2,TX,AUSTIN-CAMP MABRY,,,72254,KATT,US
USW00013988,39.1278,-94.5892,226.2,MO,KANSAS CITY DWTN AP,,,,KMKC,US
USW00014714,41.5,-74.1,177.1,NY,STEWART FLD,,,,KSWF,US
USW00014732,40.7794,-73.8803,3.0,NY,LAGUARDIA AP,,,72503,KLGA,US
USW00014734,40.6828,-74.1692,1.8,NJ,NEWARK LIBERTY INTL AP,,,72502,KEWR,US
USW00014757,41.6258,-73.8817,46.6,NY,POUGHKEEPSIE AP,,,,KPOU,US
USW00014797,41.3167,-74.0,396.8,NY,BEAR MTN WB,,,,,US
USW00022508,21.4872,-158.028,257.9,HI,WHEELER AAF 810.1,,,91170,PHHI,US
USW00022515,21.3333,-158.05,20.1,HI,EWA MCAS,,,,,US
USW00022517,21.35,-157.95,10.1,HI,PEARL HARBOR,,,,PHNP,US
USW00022519,21.4506,-157.7681,3.0,HI,KANEOHE BAY MCAS,,,91176,PHNG,US
USW00022521,21.3239,-157.9394,1.8,HI,HONOLULU INTL AP,,,91182,PHNL,US
USW00022522,21.3167,-157.8667,4.0,HI,HONOLULU SUBSTN 407,,,,,US
USW00022551,21.3056,-158.0658,3.0,HI,EWA KALAELOA AP,,,91178,PHJR,US
USW00023111,33.55,-112.3667,330.7,AZ,PHOENIX LUKE AFB,,,,KLUF,US
USW00023129,33.8117,-118.1472,10.4,CA,LONG BEACH DAUGHERTY AP,,,72297,KLGB,US
USW00023130,34.2122,-118.4914,239.3,CA,VAN NUYS AP,,,,KVNY,US
USW00023152,34.1997,-118.3656,222.8,CA,BURBANK GLENDALE PASADENA AP,,,72288,KBUR,US
USW00023174,33.9381,-118.3867,29.6,CA,LOS ANGELES INTL AP,,,72295,KLAX,US
USW00023180,34.4,-118.55,370.0,CA,NEWHALL AP,,,,,US
USW00023182,34.6294,-118.0831,764.7,CA,PALMDALE AP,,,72382,KPMD,US
USW00023183,33.4278,-112.0036,339.2,AZ,PHOENIX AP,,,72278,KPHX,US
USW00023186,37.1,-113.6,894.9,UT,ST GEORGE MUNI AP,,,,KSGU,US
USW00023191,33.4042,-118.4144,477.0,CA,AVALON CATALINA AP,,,72292,KAVX,US
USW00023202,38.2667,-121.9333,18.0,CA,TRAVIS FLD AFB,,,74516,KSUU,US
USW00023206,38.5667,-121.3,30.2,CA,SACRAMENTO MATHER AFB,,,,KMHR,US
USW00023208,38.6667,-121.4,23.5,CA,SACRAMENTO MCCLELLAN AFB,,,,KMCC,US
USW00023211,38.0669,-122.5,0.9,CA,HAMILTON AAF,,,,,US
USW00023224,38.9547,-121.0819,466.6,CA,AUBURN MUNI AP,,,,KAUN,US
USW00023230,37.7178,-122.2331,1.5,CA,OAKLAND INTL AP,,,72493,KOAK,US
USW00023232,38.5067,-121.4961,5.8,CA,SACRAMENTO AP ASOS,,,72483,KSAC,US
USW00023234,37.6197,-122.3656,3.0,CA,SAN FRANCISCO INTL AP,,,72494,KSFO,US
USW00023239,37.7833,-122.3167,9.1,CA,ALAMEDA NAS,,,74506,KNGZ,US
USW00023242,37.6833,-121.7,196.9,CA,LIVERMORE NAS,,,,,US
USW00023244,37.4058,-122.0481,11.9,CA,MOFFETT FED AIRFIELD,,,74509,KNUQ,US
USW00023254,37.9917,-122.0528,7.0,CA,CONCORD BUCHANAN FLD,,,72495,KCCR,US
USW00023271,38.5553,-121.4183,11.6,CA,SACRAMENTO 5 ESE,,,,,US
USW00023272,37.7706,-122.4269,45.7,CA,SAN FRANCISCO DWTN,,,,,US
USW00023285,37.6931,-121.815,119.8,CA,LIVERMORE MUNI AP,,,,KLVK,US
USW00023289,37.4667,-122.1167,2.1,CA,PALO ALTO,,,,KPAO,US
USW00023293,37.3594,-121.9244,14.9,CA,SAN JOSE,,,,KSJC,US
USW00023907,30.6222,-98.0847,414.8,TX,AUSTIN 33 NW,,,,,US
USW00024201,47.0833,-122.5833,91.4,WA,GRAY AAF,,,74207,KGRF,US
USW00024207,47.15,-122.4833,98.1,WA,TACOMA MCCHORD AFB,,,74206,KTCM,US
USW00024222,47.9233,-122.2831,167.0,WA,EVERETT SNOHOMISH CO AP,,,,KPAE,US
USW00024223,46.1167,-122.8939,6.1,WA,KELSO SOUTHWEST RGNL AP,,,,KKLS,US
USW00024229,45.5958,-122.6092,6.7,OR,PORTLAND INTL AP,,,72698,KPDX,US
USW00024233,47.4447,-122.3144,112.5,WA,SEATTLE TACOMA AP,,,72793,KSEA,US
USW00024234,47.5456,-122.3147,7.6,WA,SEATTLE BOEING FLD,,,,KBFI,US
USW00024238,45.7167,-121.8333,96.9,WA,STEVENSON,,,,,US
USW00024239,47.25,-122.4333,82.0,WA,TACOMA CITY HALL,,,,,US
USW00024242,45.5511,-122.4097,7.6,OR,PORTLAND TROUTDALE AP,,,,KTTD,US
USW00024244,47.6833,-122.2667,14.9,WA,SEATTLE NAS,,,,,US
USW00024253,47.2333,-123.1333,91.1,WA,SHELTON NAAS,,,,,US
USW00024274,45.5333,-122.6667,9.1,OR,PORTLAND RFC CITY,,,,,US
USW00024281,47.65,-122.3,5.8,WA,SEATTLE PORTAGE BAY,,,,,US
USW00025331,61.595,-149.0917,71.0,AK,PALMER AP,,,70274,PAAQ,US
USW00026401,61.2531,-149.7936,64.6,AK,ANCHORAGE ELMENDORF AFB,,,70272,PAED,US
USW00026409,61.2164,-149.8572,38.4,AK,ANCHORAGE MERRILL FLD,,,,PAMR,US
USW00026437,60.85,-148.9833,11.0,AK,PORTAGE,,,,,US
USW00026443,61.5719,-149.5406,107.9,AK,WASILLA AP,,,,PAWS,US
USW00026451,61.1692,-150.0278,38.1,AK,ANCHORAGE TED STEVENS INTL AP,,,70273,PANC,US
USW00026452,61.25,-149.8,63.1,AK,ELMENDORF 2 AFB,,,,,US
USW00026491,61.1786,-149.965,25.0,AK,ANCHORAGE LK HOOD SEA PLANE BA,,,,PALH,US
USW00026492,60.7836,-148.8483,32.6,AK,PORTAGE GLACIER VISITOR CTR,,,,PATO,US
USW00026497,61.4164,-149.5072,29.3,AK,BIRCHWOOD AP,,,,PABV,US
USW00026560,61.7481,-150.0542,62.5,AK,WILLOW WEST,,,,PAUO,US
USW00026563,60.7236,-150.4483,86.0,AK,KENAI 29 ENE,,,,,US
USW00053013,37.4572,-113.2247,1553.3,UT,CEDAR CITY 18 SSE,,,,,US
USW00053126,33.5272,-112.295,324.9,AZ,GLENDALE MUNI AP,,,,KGEU,US
USW00053128,33.2689,-111.8128,378.9,AZ,CHANDLER MUNI AP,,,,KCHD,US
USW00053129,36.9597,-113.0139,1485.6,AZ,COLORADO CITY MUNI AP,,,,KAZC,US
USW00053130,34.2592,-118.4133,305.7,CA,LOS ANGELES WHITEMAN AP,,,,KWHP,US
USW00053141,33.79,-118.0519,10.7,CA,LOS ALAMITOS AAF,,,,KSLI,US
USW00053156,33.3472,-112.0833,427.9,AZ,PHOENIX 7 S,,,,,US
USW00053166,37.2158,-113.3794,1041.5,UT,ST. GEORGE 15 NE,,,,,US
USW00053175,33.8978,-117.6025,162.5,CA,CORONA MUNICIPAL AP,,,,KAJO,US
USW00053879,38.9578,-94.3711,304.8,MO,LEES SUMMIT MUNI AP,,,,KLXT,US
USW00053942,30.6792,-97.6794,239.9,TX,GEORGETOWN MUNI AP,,,,KGTU,US
USW00053979,30.1692,-96.98,147.8,TX,GIDDINGS LEE CO AP,,,,KGYB,US
USW00054734,41.3722,-73.4833,138.1,CT,DANBURY MUNI AP,,,,KDXR,US
USW00054738,40.8,-74.4167,57.0,NJ,MORRISTOWN,,,,KMMU,US
USW00054743,40.8764,-74.2828,52.1,NJ,CALDWELL ESSEX CO AP,,,,KCDW,US
USW00054746,41.7014,-74.795,427.6,NY,MONTICELLO SULLIVAN,,,,KMSV,US
USW00054779,41.0092,-74.7364,176.8,NJ,AEROFLEX-ANDOVER AP,,,,K12N,US
USW00054793,41.1992,-74.6258,127.4,NJ,SUSSEX AP,,,,KFWN,US
USW00063904,30.5725,-97.4431,182.9,TX,TAYLOR MUNI AP,,,,KT74,US
USW00064756,41.7858,-73.7422,125.9,NY,MILLBROOK 3 W,,,,,US
USW00092808,29.0542,-80.9483,3.0,FL,NEW SMYRNA BEACH MUNI AP,,,,KEVB,US
USW00092813,28.2897,-81.4369,25.0,FL,ORLANDO KISSIMMEE AP,,,,KISM,US
USW00092817,28.95,-81.9667,27.1,FL,THE VILLAGES,,,,KVVG,US
USW00092821,28.6158,-80.6928,0.9,FL,TITUSVILLE 7 E,,,,,US
USW00092822,29.2958,-81.1125,8.8,FL,ORMOND BEACH MUNI AP,,,,KOMN,US
USW00093105,33.4333,-112.3667,292.0,AZ,PHOENIX LITCHFIELD NAF,,,,,US
USW00093113,33.75,-118.2589,13.1,CA,SAN PEDRO NAS,,,,,US
USW00093134,34.0236,-118.2911,54.6,CA,LOS ANGELES DOWNTOWN/USC,,,,KCQT,US
USW00093136,34.2333,-118.0667,1739.2,CA,MT WILSON,,,72289,KMWS,US
USW00093140,33.4489,-112.0825,334.7,AZ,PHOENIX CITY,,,,,US
USW00093180,34.0667,-117.65,303.9,CA,ONTARIO,,,,,US
USW00093184,33.6797,-117.8675,13.1,CA,SANTA ANA JOHN WAYNE AP,,,,KSNA,US
USW00093197,34.0211,-118.4472,53.3,CA,SANTA MONICA MUNI AP,,,,KSMO,US
USW00093198,37.05,-113.5167,882.7,UT,ST GEORGE INTERM FLD,,,,KDXZ,US
USW00093205,39.1019,-121.5689,18.9,CA,MARYSVILLE AP (ASOS),,,,KMYV,US
USW00093211,37.7333,-122.2,2.1,CA,OAKLAND NAS,,,,,US
USW00093216,39.1333,-121.4333,38.1,CA,BEALE AFB,,,,KBAB,US
USW00093225,38.7006,-121.5947,7.3,CA,SACRAMENTO METRO AP,,,,KSMF,US
USW00093227,38.2075,-122.2803,4.9,CA,NAPA CO AP,,,,KAPC,US
USW00093228,37.6589,-122.1211,9.4,CA,HAYWARD AIR TERMINAL,,,72585,KHWD,US
USW00093231,37.5167,-122.25,1.5,CA,SAN CARLOS AP,,,,KSQL,US
USW00093232,37.3333,-121.8167,40.5,CA,SAN JOSE REID HILLVIEW AP,,,,KRHV,US
USW00093241,38.3775,-121.9586,31.7,CA,VACAVILLE/NUT TREE AP ASOS,,,,KVCB,US
USW00093909,38.8222,-94.8903,321.6,KS,OLATHE JOHNSON CO IND AP,,,72447,KIXD,US
USW00093923,30.2833,-97.7333,180.1,TX,AUSTIN,,,,,US
USW00093972,39.1,-94.5833,294.1,MO,KANSAS CITY,,,,,US
USW00093995,38.3,-94.3333,264.9,MO,BUTLER FAA AP,,,,,US
USW00094204,45.6833,-121.8833,46.0,OR,CASCADE LOCKS,,,,KCZK,US
USW00094227,47.2383,-123.1414,84.1,WA,SHELTON AP,,,,KSHN,US
USW00094248,47.495,-122.2144,5.5,WA,RENTON MUNI AP,,,,KRNT,US
USW00094261,45.5475,-122.9558,59.7,OR,PORTLAND-HILLSBORO AP,,,,KHIO,US
USW00094263,47.4833,-122.7667,135.3,WA,BREMERTON,,,,KPWT,US
USW00094273,45.1958,-123.1339,48.2,OR,MCMINNVILLE MUNI AP,,,,KMMV,US
USW00094274,47.2675,-122.5761,88.4,WA,TACOMA NARROWS AP,,,,KTIW,US
USW00094281,45.2467,-122.7708,59.7,OR,AURORA STATE AP,,,,KUAO,US
USW00094290,47.6872,-122.2553,18.3,WA,SEATTLE SAND PT WFO,,,,KSEW,US
USW00094297,48.2167,-122.6333,60.7,WA,COUPEVILLE NOLF,,,,KOKH,US
USW00094298,45.6211,-122.6542,6.4,WA,VANCOUVER PEARSON AP,,,,KVUO,US
USW00094706,40.7011,-74.0153,3.0,NY,NEW YORK WB CITY,,,,,US
USW00094728,40.7789,-73.9692,42.7,NY,NY CITY CNTRL PARK,,,72506,KNYC,US
USW00094741,40.8589,-74.0561,0.9,NJ,TETERBORO AP,,,,KTEB,US
USW00094745,41.0622,-73.7044,112.8,NY,WESTCHESTER CO AP,,,,KHPN,US
USU00001181,40.733,-73.985,-999.0,,NEW YORK,,,,,US
